{
    "accuracy": 0.7005909389363099,
    "precision": 0.7091346153846154,
    "recall": 0.46825396825396826
}
