{
    "accuracy": 0.6782665791201575,
    "precision": 0.675,
    "recall": 0.42857142857142855,
    "auc": 0.7164098188734247
}